City_ID,City,Lat,Lng,Max Temp,Humidity,Cloudiness,Wind Speed,Country,Date
0,iqaluit,63.7506,-68.5145,-16.15,85,75,2.57,CA,2023-04-19 02:36:51
1,albany,42.6001,-73.9662,5.68,79,85,0.45,US,2023-04-19 02:35:22
2,kharan,28.5833,65.4167,19.2,52,0,1.45,PK,2023-04-19 02:40:44
3,edinburgh of the seven seas,-37.0676,-12.3116,15.63,63,95,5.87,SH,2023-04-19 02:36:42
4,waitangi,-43.9535,-176.5597,17.68,86,100,2.68,NZ,2023-04-19 02:36:44
5,puerto natales,-51.7236,-72.4875,8.23,94,94,2.77,CL,2023-04-19 02:36:42
6,olonkinbyen,70.9221,-8.7187,1.26,91,72,4.94,SJ,2023-04-19 02:36:55
7,queenstown,-31.8976,26.8753,14.94,37,1,2.61,ZA,2023-04-19 02:37:12
8,djamaa,33.5339,5.9931,21.11,25,99,2.48,DZ,2023-04-19 02:40:44
9,talnakh,69.4865,88.3972,-19.33,84,13,2.62,RU,2023-04-19 02:33:12
10,castelnuovo rangone,44.5513,10.935,11.92,71,79,1.47,IT,2023-04-19 02:40:44
11,hawaiian paradise park,19.5933,-154.9731,26.73,90,40,5.66,US,2023-04-19 02:36:45
12,whitehorse,60.7161,-135.0538,3.34,93,100,2.57,CA,2023-04-19 02:36:50
13,yellowknife,62.456,-114.3525,5.29,42,20,5.14,CA,2023-04-19 02:36:20
14,adamstown,-25.066,-130.1015,24.93,71,67,7.82,PN,2023-04-19 02:36:47
15,grytviken,-54.2811,-36.5092,3.09,96,100,0.65,GS,2023-04-19 02:36:44
16,funadhoo,6.15,73.2667,28.14,75,14,2.53,MV,2023-04-19 02:40:45
17,ushuaia,-54.8,-68.3,4.81,81,100,1.54,AR,2023-04-19 02:36:43
18,pimentel,-6.8367,-79.9342,25.16,83,0,7.72,PE,2023-04-19 02:40:45
19,bredasdorp,-34.5322,20.0403,13.91,88,64,1.66,ZA,2023-04-19 02:36:57
20,bethel,41.3712,-73.414,8.6,57,11,0.89,US,2023-04-19 02:36:46
21,daru,-9.0763,143.2092,27.12,78,100,2.11,PG,2023-04-19 02:37:34
22,ola,59.5833,151.2833,5.08,78,100,7.49,RU,2023-04-19 02:33:12
23,st. john's,47.5649,-52.7093,-1.23,93,100,6.17,CA,2023-04-19 02:35:14
24,hamilton,39.1834,-84.5333,12.35,62,0,1.54,US,2023-04-19 02:35:30
25,meiktila,20.8667,95.8667,34.61,34,0,5.03,MM,2023-04-19 02:41:17
26,ketchikan,55.3422,-131.6461,11.26,37,0,3.09,US,2023-04-19 02:37:29
27,blackmans bay,-43.0167,147.3167,12.51,61,70,5.7,AU,2023-04-19 02:36:45
28,atafu village,-8.5421,-172.5159,28.24,70,100,1.29,TK,2023-04-19 02:36:48
29,thompson,55.7435,-97.8558,-1.91,43,75,3.6,CA,2023-04-19 02:36:52
30,chernomorskoye,45.5039,32.6997,9.73,97,100,5.65,UA,2023-04-19 02:41:17
31,anadyr,64.75,177.4833,0.28,80,75,9.83,RU,2023-04-19 02:36:46
32,kerikeri,-35.2268,173.9474,20.51,96,83,2.68,NZ,2023-04-19 02:36:59
33,taksimo,56.3444,114.8794,-0.62,59,100,0.82,RU,2023-04-19 02:41:18
34,fort st. john,56.2499,-120.8529,8.94,25,75,5.66,CA,2023-04-19 02:36:57
35,iskateley,67.6803,53.1512,-7.95,99,99,3.5,RU,2023-04-19 02:36:50
36,kourou,5.1552,-52.6478,24.03,95,100,1.28,GF,2023-04-19 02:41:18
37,ahvaz,31.3203,48.6693,19.97,52,0,2.06,IR,2023-04-19 02:41:18
38,alice springs,-23.7,133.8833,21.75,33,0,8.23,AU,2023-04-19 02:38:33
39,aasiaat,68.7098,-52.8699,-10.23,92,100,2.49,GL,2023-04-19 02:36:42
40,salalah,17.0151,54.0924,27.05,74,40,1.54,OM,2023-04-19 02:41:18
41,fort bragg,35.139,-79.006,18.97,48,0,0.0,US,2023-04-19 02:36:44
42,port douglas,-16.4833,145.4667,27.05,75,72,4.36,AU,2023-04-19 02:37:14
43,minas de marcona,-15.2119,-75.1103,15.65,83,27,5.0,PE,2023-04-19 02:36:56
44,port-aux-francais,-49.35,70.2167,5.75,78,58,11.42,TF,2023-04-19 02:36:44
45,el porvenir,13.7617,-87.3458,28.63,65,97,0.52,HN,2023-04-19 02:41:19
46,georgetown,5.4112,100.3354,30.96,82,20,1.54,MY,2023-04-19 02:33:55
47,jamestown,42.097,-79.2353,2.62,95,100,2.57,US,2023-04-19 02:36:47
48,manokwari,-0.8667,134.0833,28.36,74,20,1.48,ID,2023-04-19 02:36:47
49,prainha,-1.8,-53.48,22.59,98,100,1.11,BR,2023-04-19 02:41:19
50,nuuk,64.1835,-51.7216,-3.66,86,100,3.09,GL,2023-04-19 02:37:02
51,ilam,26.9167,87.9167,29.11,19,0,1.82,NP,2023-04-19 02:41:19
52,natal,-5.795,-35.2094,26.12,89,20,0.51,BR,2023-04-19 02:40:08
53,guerrero negro,27.9769,-114.0611,13.85,80,92,8.51,MX,2023-04-19 02:36:59
54,west island,-12.1568,96.8225,27.99,78,40,4.63,CC,2023-04-19 02:36:44
55,la sarre,48.8002,-79.1996,-2.67,92,100,3.5,CA,2023-04-19 02:41:19
56,port mathurin,-19.6833,63.4167,26.21,77,3,8.57,MU,2023-04-19 02:36:56
57,port saint john's,-31.6229,29.5448,19.36,55,0,2.31,ZA,2023-04-19 02:36:43
58,sao geraldo do araguaia,-6.4006,-48.555,22.78,98,100,1.42,BR,2023-04-19 02:41:19
59,dublin,37.7021,-121.9358,12.36,57,0,5.14,US,2023-04-19 02:40:31
60,ta`u,-14.2336,-169.5144,27.16,79,100,6.38,AS,2023-04-19 02:41:20
61,carutapera,-1.195,-46.02,23.87,93,100,0.69,BR,2023-04-19 02:36:46
62,charlestown,-32.95,151.6667,24.45,60,64,0.89,AU,2023-04-19 02:41:20
63,thunder bay,48.4001,-89.3168,0.99,69,0,0.0,CA,2023-04-19 02:37:02
64,port elizabeth,-33.918,25.5701,19.16,97,40,2.57,ZA,2023-04-19 02:36:46
65,lebu,-37.6167,-73.65,13.12,89,99,1.57,CL,2023-04-19 02:36:48
66,east london,-33.0153,27.9116,18.89,82,9,2.24,ZA,2023-04-19 02:37:00
67,jaicos,-7.3592,-41.1378,20.83,92,99,2.06,BR,2023-04-19 02:41:20
68,jatoi shimali,29.5165,70.8503,27.87,39,27,2.17,PK,2023-04-19 02:41:20
69,katsuura,35.1333,140.3,20.99,69,7,6.31,JP,2023-04-19 02:37:06
70,sao jose da coroa grande,-8.8978,-35.1478,25.55,87,94,3.23,BR,2023-04-19 02:37:12
71,medina,24.4686,39.6142,21.24,68,0,4.12,SA,2023-04-19 02:41:20
72,port shepstone,-30.7414,30.455,20.17,49,0,2.7,ZA,2023-04-19 02:41:20
73,lerwick,60.1545,-1.1494,7.0,83,97,2.78,GB,2023-04-19 02:36:56
74,kilindoni,-7.9139,39.6668,26.16,85,100,6.07,TZ,2023-04-19 02:41:20
75,invercargill,-46.4,168.35,14.87,61,21,1.07,NZ,2023-04-19 02:33:23
76,shetpe,44.1667,52.1167,7.6,30,86,8.67,KZ,2023-04-19 02:41:20
77,cabo san lucas,22.8909,-109.9124,27.61,64,40,4.63,MX,2023-04-19 02:36:57
78,kingston,17.997,-76.7936,27.53,85,75,4.12,JM,2023-04-19 02:39:45
79,puerto ayora,-0.7393,-90.3518,24.75,100,100,0.89,EC,2023-04-19 02:36:45
80,longyearbyen,78.2186,15.6401,0.91,86,100,8.75,SJ,2023-04-19 02:36:56
81,rikaze,29.25,88.8833,9.69,30,14,0.71,CN,2023-04-19 02:41:21
82,utrik,11.2278,169.8474,26.27,80,100,8.76,MH,2023-04-19 02:37:26
83,nova vicosa,-17.8919,-39.3719,25.8,87,39,5.87,BR,2023-04-19 02:41:21
84,puerto armuelles,8.2833,-82.8667,26.99,83,100,1.57,PA,2023-04-19 02:41:21
85,ancud,-41.8697,-73.8203,12.41,95,100,1.81,CL,2023-04-19 02:36:52
86,ouesso,1.6136,16.0517,21.37,94,89,0.46,CG,2023-04-19 02:41:21
87,maracaju,-21.6144,-55.1683,19.58,94,100,2.72,BR,2023-04-19 02:41:21
88,along,28.1667,94.7667,28.38,48,72,0.33,IN,2023-04-19 02:41:21
89,peace river,56.2501,-117.286,11.17,29,75,5.66,CA,2023-04-19 02:41:22
90,bouca,6.5105,18.2733,23.52,76,44,1.32,CF,2023-04-19 02:41:22
91,al bardiyah,31.7561,25.0865,15.5,75,100,5.36,LY,2023-04-19 02:41:22
92,papatowai,-46.5619,169.4708,13.74,71,92,2.84,NZ,2023-04-19 02:36:49
93,itaituba,-4.2761,-55.9836,23.63,93,100,0.68,BR,2023-04-19 02:41:22
94,zag,46.9441,99.165,-2.32,13,49,8.07,MN,2023-04-19 02:41:22
95,plastun,44.7561,136.2939,9.23,67,96,2.15,RU,2023-04-19 02:41:23
96,stephenville,32.2207,-98.2023,22.07,64,0,7.72,US,2023-04-19 02:41:23
97,afaahiti,-17.75,-149.2833,29.48,79,66,6.62,PF,2023-04-19 02:37:00
98,hermanus,-34.4187,19.2345,13.22,75,65,3.56,ZA,2023-04-19 02:36:54
99,stanley,54.868,-1.6985,6.5,94,5,2.57,GB,2023-04-19 02:34:03
100,miles city,46.4083,-105.8406,12.54,40,100,4.12,US,2023-04-19 02:41:23
101,saint-joseph,-21.3667,55.6167,24.21,79,13,4.6,RE,2023-04-19 02:35:13
102,darnah,32.767,22.6367,14.99,80,16,6.49,LY,2023-04-19 02:41:23
103,raduzhny,62.0961,77.475,-8.17,84,100,4.78,RU,2023-04-19 02:37:01
104,porbandar,21.6422,69.6093,28.22,60,62,5.69,IN,2023-04-19 02:41:23
105,masonboro,34.1793,-77.8475,18.34,61,0,3.6,US,2023-04-19 02:41:23
106,opuwo,-18.0607,13.84,20.87,53,61,1.94,NA,2023-04-19 02:41:23
107,tual,-5.6667,132.75,28.08,74,56,2.9,ID,2023-04-19 02:36:50
108,kone,-21.0595,164.8658,26.85,72,65,2.95,NC,2023-04-19 02:41:24
109,nemuro,43.3236,145.575,4.8,79,100,2.22,JP,2023-04-19 02:36:57
110,udachny,66.4167,112.4,-6.33,81,57,5.04,RU,2023-04-19 02:36:47
111,college,64.8569,-147.8028,-0.23,53,75,4.63,US,2023-04-19 02:36:52
112,bandar abbas,27.1865,56.2808,20.99,78,6,3.09,IR,2023-04-19 02:41:24
113,lata,40.1629,-8.3327,11.62,46,100,1.12,PT,2023-04-19 02:41:24
114,khovd,48.0056,91.6419,1.47,11,0,3.52,MN,2023-04-19 02:41:24
115,leer,53.2316,7.461,7.18,86,53,4.79,DE,2023-04-19 02:41:24
116,punta arenas,-53.15,-70.9167,9.06,81,40,6.69,CL,2023-04-19 02:36:45
117,wailua homesteads,22.0669,-159.378,22.08,91,100,10.29,US,2023-04-19 02:36:53
118,tocopilla,-22.092,-70.1979,19.81,75,29,4.1,CL,2023-04-19 02:41:24
119,ghat,24.9647,10.1728,20.27,24,3,0.74,LY,2023-04-19 02:41:24
120,oruro,-17.9833,-67.15,7.7,23,35,3.01,BO,2023-04-19 02:37:04
121,nova sintra,14.8667,-24.7167,20.44,78,100,6.91,CV,2023-04-19 02:36:56
122,yaren,-0.5472,166.916,28.64,75,76,3.83,NR,2023-04-19 02:41:24
123,paragominas,-2.9667,-47.4833,22.57,98,100,1.92,BR,2023-04-19 02:41:24
124,oodweyne,9.4092,45.064,22.22,43,28,3.2,SO,2023-04-19 02:41:25
125,al jaradiyah,16.5795,42.9124,27.72,69,2,1.98,SA,2023-04-19 02:41:25
126,enewetak,11.3474,162.3373,26.95,75,97,9.48,MH,2023-04-19 02:36:46
127,new norfolk,-42.7826,147.0587,13.17,63,72,1.79,AU,2023-04-19 02:37:09
128,tianpeng,30.9866,103.9393,27.02,54,0,1.56,CN,2023-04-19 02:41:25
129,margaret river,-33.95,115.0667,18.65,42,0,2.37,AU,2023-04-19 02:36:45
130,chehalis,46.662,-122.964,6.06,94,75,4.12,US,2023-04-19 02:41:25
131,yelizovo,53.1873,158.3805,4.08,69,75,8.05,RU,2023-04-19 02:41:26
132,rongelap,11.1635,166.8941,26.66,78,100,9.97,MH,2023-04-19 02:37:05
133,torre de moncorvo,41.1792,-7.0358,12.62,57,97,0.45,PT,2023-04-19 02:41:26
134,shingu,33.7333,135.9833,22.36,69,100,0.82,JP,2023-04-19 02:36:37
135,isafjordur,66.0755,-23.124,7.02,96,100,1.4,IS,2023-04-19 02:36:53
136,brisas de zicatela,15.8369,-97.0419,28.29,74,40,3.09,MX,2023-04-19 02:37:15
137,alaghsas,17.0187,8.0168,28.85,9,0,3.49,NE,2023-04-19 02:37:34
138,masterton,-40.9597,175.6575,16.6,97,100,2.25,NZ,2023-04-19 02:37:18
139,alta,69.9689,23.2717,7.59,76,75,8.75,NO,2023-04-19 02:41:26
140,kargasok,59.0556,80.8572,-8.97,83,99,5.24,RU,2023-04-19 02:41:26
141,ribeira grande,38.5167,-28.7,15.43,76,92,7.6,PT,2023-04-19 02:36:50
142,kargat,55.1956,80.2811,-5.66,63,6,4.8,RU,2023-04-19 02:41:26
143,ilulissat,69.2167,-51.1,-3.99,86,100,4.63,GL,2023-04-19 02:36:46
144,tazacorte,28.629,-17.9293,17.54,79,31,2.06,ES,2023-04-19 02:37:21
145,singkil,-7.9855,111.4161,30.29,60,14,1.74,ID,2023-04-19 02:41:26
146,port lavaca,28.615,-96.6261,24.03,81,100,6.17,US,2023-04-19 02:41:27
147,paita,-5.0892,-81.1144,26.5,77,61,4.73,PE,2023-04-19 02:37:17
148,tsiombe,-25.3,45.4833,22.36,84,1,5.38,MG,2023-04-19 02:36:53
149,kiunga,-6.1219,141.2906,24.28,90,97,1.26,PG,2023-04-19 02:37:03
150,dunedin,-45.8742,170.5036,14.33,80,71,1.34,NZ,2023-04-19 02:40:05
151,boaco,12.4722,-85.6586,23.92,68,99,3.43,NI,2023-04-19 02:38:32
152,ugoofaaru,5.6667,73.0,28.29,74,21,2.81,MV,2023-04-19 02:41:27
153,aykhal,66.0,111.5,-5.83,91,100,5.22,RU,2023-04-19 02:36:49
154,acarau,-2.8856,-40.12,25.13,87,96,2.42,BR,2023-04-19 02:37:10
155,rio preto da eva,-2.6994,-59.6997,23.08,98,100,1.8,BR,2023-04-19 02:41:27
156,laguna,38.421,-121.4238,15.99,36,0,5.66,US,2023-04-19 02:37:08
157,codrington,-38.2667,141.9667,14.65,54,81,7.4,AU,2023-04-19 02:37:27
158,sao joao da barra,-21.6403,-41.0511,26.34,78,100,3.53,BR,2023-04-19 02:41:27
159,beihai,21.4833,109.1,26.72,82,73,2.61,CN,2023-04-19 02:41:28
160,muisne,0.6,-80.0333,26.05,86,100,0.48,EC,2023-04-19 02:41:28
161,tofol,5.3248,163.0078,28.88,70,75,4.12,FM,2023-04-19 02:41:28
162,bardai,11.65,7.2333,26.94,47,67,4.74,NG,2023-04-19 02:41:28
163,geraldton,-28.7667,114.6,26.23,34,0,8.75,AU,2023-04-19 02:41:28
164,klyuchi,52.2667,79.1667,-5.8,61,5,4.27,RU,2023-04-19 02:36:42
165,gebeit,21.0667,36.3167,20.32,20,0,1.84,SD,2023-04-19 02:41:28
166,fale old settlement,-9.3852,-171.2468,28.38,70,96,1.82,TK,2023-04-19 02:37:08
167,lijiang,26.8688,100.2207,21.56,30,0,2.13,CN,2023-04-19 02:36:59
168,crane,31.3974,-102.3501,23.49,8,0,3.51,US,2023-04-19 02:32:10
169,zaozersk,69.4005,32.4476,1.82,95,100,10.27,RU,2023-04-19 02:33:12
170,cartagena,10.3997,-75.5144,26.79,78,20,6.69,CO,2023-04-19 02:39:36
171,kolpny,52.2282,37.0368,6.02,68,100,4.29,RU,2023-04-19 02:41:29
172,lugoff,34.2274,-80.6892,17.07,70,0,0.0,US,2023-04-19 02:38:49
173,san patricio,28.017,-97.5169,24.35,84,100,7.28,US,2023-04-19 02:36:56
174,praia da vitoria,38.7333,-27.0667,14.14,82,75,6.6,PT,2023-04-19 02:41:29
175,gizo,-8.103,156.8419,28.64,63,12,2.67,SB,2023-04-19 02:41:29
176,petropavlovsk-kamchatsky,53.0452,158.6483,3.33,70,75,8.0,RU,2023-04-19 02:36:42
177,dedovichi,57.5517,29.9502,2.26,92,71,3.47,RU,2023-04-19 02:41:29
178,haiku-pauwela,20.9219,-156.3051,25.28,64,20,7.72,US,2023-04-19 02:36:53
179,lihue,21.9789,-159.3672,22.42,95,100,10.29,US,2023-04-19 02:34:57
180,akureyri,65.6835,-18.0878,7.36,79,56,4.89,IS,2023-04-19 02:36:57
181,uturoa,-16.7333,-151.4333,28.25,75,82,6.92,PF,2023-04-19 02:37:17
182,vorkuta,67.5,64.0,-13.59,100,99,2.91,RU,2023-04-19 02:36:56
183,talcahuano,-36.7167,-73.1167,11.82,94,75,1.03,CL,2023-04-19 02:41:29
184,pecos,31.4229,-103.4932,26.46,8,0,3.6,US,2023-04-19 02:41:29
185,bilibino,68.0546,166.4372,-1.84,83,100,1.22,RU,2023-04-19 02:36:48
186,mongo,12.1844,18.693,31.13,29,87,2.16,TD,2023-04-19 02:41:29
187,malvan,16.0667,73.4667,28.0,76,1,0.4,IN,2023-04-19 02:36:53
188,najran,17.4924,44.1277,20.36,50,3,2.04,SA,2023-04-19 02:41:29
189,odienne,9.51,-7.5692,26.23,57,96,1.11,CI,2023-04-19 02:41:30
190,dudinka,69.4058,86.1778,-19.1,90,22,1.44,RU,2023-04-19 02:37:27
191,alexandria,31.2156,29.9553,17.3,82,99,5.77,EG,2023-04-19 02:37:41
192,ceerigaabo,10.6162,47.368,15.95,70,60,1.52,SO,2023-04-19 02:41:30
193,rawson,-43.3002,-65.1023,13.21,64,92,7.19,AR,2023-04-19 02:37:03
194,vorgashor,67.5833,63.95,-13.67,99,98,2.9,RU,2023-04-19 02:36:46
195,avarua,-21.2078,-159.775,23.03,94,100,8.75,CK,2023-04-19 02:36:53
196,bodo,67.28,14.405,6.02,93,100,5.14,NO,2023-04-19 02:37:21
197,vilyuchinsk,52.9306,158.4028,4.15,97,90,2.62,RU,2023-04-19 02:36:52
198,torit,4.4133,32.5678,22.26,76,100,1.27,SS,2023-04-19 02:41:31
199,san luis de la loma,17.2706,-100.8939,26.14,76,32,2.49,MX,2023-04-19 02:37:25
200,khandyga,62.6667,135.6,-0.95,77,99,2.38,RU,2023-04-19 02:41:31
201,tolanaro,-25.0319,46.9987,23.04,94,75,3.09,MG,2023-04-19 02:36:55
202,tiksi,71.6872,128.8694,-13.76,92,100,2.68,RU,2023-04-19 02:36:55
203,shenjiamen,29.9576,122.298,15.66,98,100,3.35,CN,2023-04-19 02:37:21
204,lagos,6.5833,3.75,28.18,92,100,1.06,NG,2023-04-19 02:35:30
205,flying fish cove,-10.4217,105.6791,27.33,79,61,6.26,CX,2023-04-19 02:37:29
206,arno,60.1167,18.6333,2.66,96,5,3.18,SE,2023-04-19 02:41:31
207,pahrump,36.2083,-115.9839,19.03,18,99,6.71,US,2023-04-19 02:35:11
208,orzysz,53.8097,21.9481,4.91,95,100,7.38,PL,2023-04-19 02:41:31
209,mahriz,31.5917,54.4318,13.28,27,7,0.78,IR,2023-04-19 02:37:11
210,hajjah,15.6943,43.6058,19.78,61,15,0.55,YE,2023-04-19 02:41:31
211,nar'yan-mar,67.6713,53.087,-8.02,99,99,3.5,RU,2023-04-19 02:36:59
212,betio village,1.358,172.9211,31.02,76,23,4.53,KI,2023-04-19 02:41:31
213,tralee,52.2704,-9.7026,5.73,88,2,3.21,IE,2023-04-19 02:37:13
214,tazovsky,67.4667,78.7,-11.41,94,100,4.06,RU,2023-04-19 02:36:48
215,ballesteros,18.4126,121.5152,30.31,65,0,1.5,PH,2023-04-19 02:41:31
216,zhezqazghan,47.7833,67.7667,1.32,51,0,1.0,KZ,2023-04-19 02:41:15
217,chonchi,-42.6128,-73.8092,12.29,99,100,1.0,CL,2023-04-19 02:37:14
218,fort mcmurray,56.7268,-111.381,3.77,75,100,2.06,CA,2023-04-19 02:41:32
219,kuybyshev,55.4475,78.3218,-4.98,49,33,5.17,RU,2023-04-19 02:41:32
220,morehead city,34.7229,-76.726,19.45,79,0,5.81,US,2023-04-19 02:37:20
221,sibiti,-3.6819,13.3499,20.73,98,99,1.11,CG,2023-04-19 02:41:32
222,kadnikov,59.5022,40.338,2.36,88,75,2.92,RU,2023-04-19 02:41:32
223,tenno,39.9,139.9667,13.56,75,23,6.23,JP,2023-04-19 02:41:32
224,merizo village,13.2658,144.6691,30.32,75,70,10.14,GU,2023-04-19 02:41:32
225,la'ie,21.6477,-157.9253,25.56,75,100,4.16,US,2023-04-19 02:41:32
226,nkove,-7.95,30.85,21.23,81,88,1.59,TZ,2023-04-19 02:41:32
227,port hedland,-20.3167,118.5667,30.03,21,22,9.77,AU,2023-04-19 02:41:32
228,vlore,40.4667,19.4897,13.86,73,10,1.0,AL,2023-04-19 02:41:32
229,mount gambier,-37.8333,140.7667,15.65,52,63,4.55,AU,2023-04-19 02:37:13
230,hammerfest,70.6634,23.6821,5.25,100,100,10.8,NO,2023-04-19 02:41:32
231,ocean city,39.2776,-74.5746,11.14,52,0,4.47,US,2023-04-19 02:41:32
232,novoarkhanhel's'k,48.658,30.8182,7.21,88,43,3.05,UA,2023-04-19 02:41:32
233,nadi,-17.8,177.4167,30.0,74,40,6.17,FJ,2023-04-19 02:35:44
234,maieru,47.4,24.75,6.04,96,100,0.73,RO,2023-04-19 02:41:33
235,les anglais,18.3054,-74.2197,24.32,85,21,2.29,HT,2023-04-19 02:41:33
236,la passe,45.5549,-0.8967,8.13,88,4,3.42,FR,2023-04-19 02:36:46
237,inongo,-1.95,18.2667,22.77,92,99,2.42,CD,2023-04-19 02:41:33
238,vadso,70.0744,29.7487,3.49,87,75,2.06,NO,2023-04-19 02:37:19
239,port lincoln,-34.7333,135.8667,16.56,50,70,5.0,AU,2023-04-19 02:32:33
240,rimavska sobota,48.3828,20.0224,8.61,77,90,2.11,SK,2023-04-19 02:41:33
241,shahrud,36.4182,54.9763,12.16,41,1,1.0,IR,2023-04-19 02:41:33
242,papao,-17.75,-149.55,30.37,77,74,5.67,PF,2023-04-19 02:41:33
243,turpan,42.9333,89.1667,15.83,14,100,0.6,CN,2023-04-19 02:41:33
244,oral,51.2333,51.3667,1.99,80,0,2.0,KZ,2023-04-19 02:41:33
245,sena madureira,-9.0656,-68.6569,23.48,91,100,1.27,BR,2023-04-19 02:41:34
246,kristiansund,63.1115,7.732,5.36,75,55,2.06,NO,2023-04-19 02:36:45
247,novaya igirma,57.1334,103.9112,-3.3,42,32,3.97,RU,2023-04-19 02:37:25
248,sarichioi,44.95,28.85,10.12,81,75,6.69,RO,2023-04-19 02:41:34
249,palikir - national government center,6.9248,158.1611,28.47,74,100,5.14,FM,2023-04-19 02:37:25
250,constitucion,-35.3333,-72.4167,11.86,68,17,3.65,CL,2023-04-19 02:40:56
251,turkestan,43.3333,68.25,8.48,36,0,4.82,KZ,2023-04-19 02:41:34
252,mar del plata,-38.0023,-57.5575,12.27,87,75,5.66,AR,2023-04-19 02:41:13
253,mana,5.6592,-53.7767,24.42,88,93,1.49,GF,2023-04-19 02:41:34
254,nabire,-3.3667,135.4833,30.63,62,57,2.41,ID,2023-04-19 02:41:34
255,las vegas,36.175,-115.1372,22.69,12,75,11.83,US,2023-04-19 02:39:42
256,lorengau,-2.0226,147.2712,29.86,69,100,4.6,PG,2023-04-19 02:37:00
257,fortuna,40.5982,-124.1573,8.29,82,100,0.45,US,2023-04-19 02:36:45
258,komsomol'skiy,43.9783,46.6985,9.7,68,100,8.54,RU,2023-04-19 02:41:35
259,rabo de peixe,37.8,-25.5833,12.73,71,20,1.54,PT,2023-04-19 02:41:35
260,chibougamau,49.9168,-74.3659,-0.21,93,20,2.06,CA,2023-04-19 02:40:30
261,rice lake,45.5061,-91.7382,6.92,52,0,4.12,US,2023-04-19 02:41:21
262,san antonio de pale,-1.4014,5.6325,28.33,78,82,4.93,GQ,2023-04-19 02:37:02
263,remire-montjoly,4.9167,-52.2667,24.02,94,75,0.0,GF,2023-04-19 02:37:18
264,tot'ma,59.9747,42.7642,1.28,91,100,2.9,RU,2023-04-19 02:41:35
265,carnarvon,-24.8667,113.6333,28.28,30,17,7.1,AU,2023-04-19 02:36:52
266,tura,25.5198,90.2201,31.9,47,0,3.8,IN,2023-04-19 02:36:51
267,pauini,-7.7136,-66.9764,25.79,80,100,0.99,BR,2023-04-19 02:41:36
268,saipan,15.1355,145.701,31.39,100,40,8.75,MP,2023-04-19 02:36:58
269,mont-tremblant,46.1949,-74.6264,4.77,93,100,0.51,CA,2023-04-19 02:38:45
270,qalat,32.1058,66.9083,12.06,49,1,3.26,AF,2023-04-19 02:41:36
271,kodiak,57.79,-152.4072,5.73,39,0,3.6,US,2023-04-19 02:36:54
272,metropolis,37.1512,-88.732,21.1,36,0,1.54,US,2023-04-19 02:41:36
273,huaicheng,23.9051,112.1931,23.05,96,100,1.55,CN,2023-04-19 02:41:36
274,tamanrasset,22.785,5.5228,21.95,9,0,7.2,DZ,2023-04-19 02:41:36
275,belyy yar,53.6039,91.3903,-6.06,53,0,2.0,RU,2023-04-19 02:37:33
276,gulf shores,30.246,-87.7008,18.89,72,0,0.0,US,2023-04-19 02:41:36
277,mata-utu,-13.2816,-176.1745,28.69,72,98,5.73,WF,2023-04-19 02:41:36
278,wichita,37.6922,-97.3375,22.45,64,75,11.83,US,2023-04-19 02:41:36
279,sztum,53.9208,19.0307,5.19,93,82,4.8,PL,2023-04-19 02:41:37
280,valday,57.9747,33.2525,2.81,90,36,2.81,RU,2023-04-19 02:41:37
281,uray,60.1247,64.7758,-2.03,60,22,1.81,RU,2023-04-19 02:41:37
282,luwuk,-0.9516,122.7875,28.62,81,78,1.14,ID,2023-04-19 02:37:28
283,nongstoin,25.5167,91.2667,29.07,26,0,1.62,IN,2023-04-19 02:41:37
284,cidreira,-30.1811,-50.2056,16.77,63,18,5.16,BR,2023-04-19 02:37:04
285,phan thiet,10.9333,108.1,31.13,54,7,3.2,VN,2023-04-19 02:41:37
286,sanctuary point,-35.1114,150.629,26.29,47,27,4.05,AU,2023-04-19 02:41:37
287,dadukou,26.5479,101.7054,29.12,31,0,0.6,CN,2023-04-19 02:41:37
288,nguigmi,14.2495,13.1092,29.22,16,4,4.62,NE,2023-04-19 02:41:37
289,inari,68.906,27.0288,3.11,93,100,4.79,FI,2023-04-19 02:41:37
290,vila franca do campo,37.7167,-25.4333,13.23,78,27,2.22,PT,2023-04-19 02:36:45
291,revda,56.801,59.9303,-0.13,51,11,3.64,RU,2023-04-19 02:41:23
292,szabadszallas,46.8758,19.2232,12.1,74,95,3.15,HU,2023-04-19 02:41:37
293,san julian,21.0167,-102.1667,19.53,19,7,3.43,MX,2023-04-19 02:41:38
294,yarmouth,41.7057,-70.2286,12.03,61,0,7.2,US,2023-04-19 02:41:38
295,westport,41.1415,-73.3579,9.3,54,20,3.6,US,2023-04-19 02:33:46
296,noosa heads,-26.3833,153.15,23.39,63,82,5.44,AU,2023-04-19 02:41:38
297,coahuayana de hidalgo,18.7,-103.6583,22.43,80,33,0.32,MX,2023-04-19 02:41:38
298,manthani,18.65,79.6667,36.19,21,0,1.59,IN,2023-04-19 02:41:38
299,warmbad,-28.45,18.7333,22.17,29,29,3.25,NA,2023-04-19 02:41:38
300,marquette,46.5333,-87.6335,1.69,79,59,2.14,US,2023-04-19 02:41:38
301,susuman,62.7833,148.1667,-3.49,71,100,3.03,RU,2023-04-19 02:36:46
302,nagqu,31.5,92.0,6.8,28,100,4.21,CN,2023-04-19 02:37:23
303,itapirapua,-15.8233,-50.6133,23.01,90,100,1.65,BR,2023-04-19 02:41:38
304,montego bay,18.4712,-77.9188,25.89,78,20,2.57,JM,2023-04-19 02:42:27
305,mindelo,16.8901,-24.9804,21.75,73,40,7.72,CV,2023-04-19 02:41:38
306,la ronge,55.1001,-105.2842,-1.86,86,100,3.6,CA,2023-04-19 02:41:38
307,cole harbour,44.6724,-63.4751,6.77,83,20,3.09,CA,2023-04-19 02:41:38
308,bria,6.5423,21.9863,21.31,89,87,0.85,CF,2023-04-19 02:41:38
309,inhambane,-23.865,35.3833,18.32,91,45,1.23,MZ,2023-04-19 02:41:38
310,saint-louis,16.3333,-15.0,25.12,38,93,5.65,SN,2023-04-19 02:41:39
311,brixham,50.3943,-3.5159,8.51,87,24,5.36,GB,2023-04-19 02:41:39
312,beloyarskiy,63.7119,66.6722,-4.51,86,61,3.77,RU,2023-04-19 02:41:39
313,castillos,-34.1667,-53.8333,11.33,64,81,5.47,UY,2023-04-19 02:37:04
314,qaqortoq,60.7167,-46.0333,-0.65,92,48,0.89,GL,2023-04-19 02:36:53
315,luau,-10.7073,22.2247,16.66,98,62,1.56,AO,2023-04-19 02:41:39
316,okhotsk,59.3833,143.3,0.51,80,32,5.97,RU,2023-04-19 02:36:53
317,weno,7.4515,151.8468,27.97,78,100,3.09,FM,2023-04-19 02:37:19
318,saynshand,44.8824,110.1163,12.27,14,100,11.16,MN,2023-04-19 02:41:39
319,selfoss,63.9331,-20.9971,9.36,98,100,4.31,IS,2023-04-19 02:37:27
320,bayji,34.9311,43.487,21.91,38,3,0.95,IQ,2023-04-19 02:37:08
321,la romana,18.4273,-68.9728,25.2,94,20,0.0,DO,2023-04-19 02:41:39
322,salinopolis,-0.6136,-47.3561,24.95,87,100,1.68,BR,2023-04-19 02:41:39
323,holualoa,19.6228,-155.9522,25.91,75,20,4.63,US,2023-04-19 02:36:56
324,barah,13.7,30.3667,24.97,7,44,4.59,SD,2023-04-19 02:41:39
325,carlisle,40.2015,-77.1889,7.68,60,6,1.84,US,2023-04-19 02:41:39
326,mount isa,-20.7333,139.5,24.87,53,100,2.57,AU,2023-04-19 02:36:50
327,machali,-34.1833,-70.6667,12.62,32,37,1.37,CL,2023-04-19 02:41:40
328,nykvarn,59.8,18.3,3.23,97,6,2.6,SE,2023-04-19 02:41:40
329,pacific grove,36.6177,-121.9166,12.82,71,0,4.63,US,2023-04-19 02:36:47
330,badger,64.8,-147.5333,-0.27,52,75,4.63,US,2023-04-19 02:37:08
331,kavaratti,10.5669,72.642,28.64,69,10,2.51,IN,2023-04-19 02:37:07
332,katabu,-4.9333,122.5167,30.13,68,95,0.54,ID,2023-04-19 02:37:04
333,chaman,30.9236,66.4512,14.34,38,1,3.34,PK,2023-04-19 02:41:40
334,kaka,37.3482,59.6143,10.8,22,0,2.91,TM,2023-04-19 02:41:40
335,ust-nera,64.5667,143.2,-4.38,82,98,2.12,RU,2023-04-19 02:32:15
336,ust'-kulom,61.6864,53.6902,-1.28,86,12,1.72,RU,2023-04-19 02:41:40
337,abomey-calavi,6.4485,2.3557,28.92,79,20,5.14,BJ,2023-04-19 02:41:40
338,howrah,22.5892,88.3103,31.0,84,40,3.09,IN,2023-04-19 02:41:40
339,vila velha,-20.3297,-40.2925,26.97,88,0,2.06,BR,2023-04-19 02:41:40
340,savonlinna,61.8699,28.88,1.03,75,0,0.51,FI,2023-04-19 02:41:40
341,emerald,-23.5333,148.1667,27.41,57,1,4.41,AU,2023-04-19 02:34:00
342,onguday,50.75,86.15,-3.0,64,100,2.27,RU,2023-04-19 02:41:40
343,hithadhoo,-0.6,73.0833,28.72,70,100,2.78,MV,2023-04-19 02:36:55
344,cidade velha,14.9167,-23.6167,22.26,78,40,6.17,CV,2023-04-19 02:41:40
345,lospalos,-8.5186,127.0025,25.76,74,88,4.5,TL,2023-04-19 02:41:40
346,tayzhina,53.6679,87.4362,-9.63,64,4,0.47,RU,2023-04-19 02:41:40
347,al bawiti,28.3492,28.8659,23.54,36,99,3.7,EG,2023-04-19 02:41:41
348,altay,47.8667,88.1167,-4.17,57,3,1.51,CN,2023-04-19 02:41:41
349,dolores,-36.3132,-57.6792,11.0,60,98,5.13,AR,2023-04-19 02:41:41
350,tartouss,34.889,35.8866,19.81,78,51,6.43,SY,2023-04-19 02:41:41
351,kharkhorin,47.1975,102.8238,-0.49,17,23,7.72,MN,2023-04-19 02:41:41
352,huancabamba,-5.2386,-79.4506,14.53,97,80,0.24,PE,2023-04-19 02:41:41
353,bonny,4.4522,7.1681,26.57,87,99,2.13,NG,2023-04-19 02:41:41
354,bei'an,24.5399,109.533,26.42,83,67,2.65,CN,2023-04-19 02:41:41
355,pionerskiy,54.9508,20.2275,6.91,83,70,9.01,RU,2023-04-19 02:41:41
356,quibala,-10.7337,14.98,15.74,97,79,1.83,AO,2023-04-19 02:41:41
357,feres,40.8956,26.17,8.69,93,40,0.0,GR,2023-04-19 02:41:41
358,ulladulla,-35.35,150.4667,24.32,44,11,3.3,AU,2023-04-19 02:37:02
359,kozhevnikovo,56.2589,83.9714,-7.2,76,79,3.8,RU,2023-04-19 02:41:41
360,mazamari,-11.3258,-74.5308,20.55,93,21,0.75,PE,2023-04-19 02:41:41
361,hilo,19.7297,-155.09,26.85,80,40,5.66,US,2023-04-19 02:37:28
362,richfield,44.8833,-93.283,11.12,43,100,5.66,US,2023-04-19 02:41:41
363,suances,43.4334,-4.0434,11.1,93,75,0.0,ES,2023-04-19 02:41:41
364,dickinson,29.4608,-95.0513,22.29,84,20,3.6,US,2023-04-19 02:41:42
365,san andres,12.5847,-81.7006,27.01,74,20,3.6,CO,2023-04-19 02:39:22
366,champerico,14.3,-91.9167,28.15,69,62,1.57,GT,2023-04-19 02:41:42
367,namibe,-15.1961,12.1522,26.32,67,86,1.36,AO,2023-04-19 02:36:59
368,mil'kovo,55.6078,37.7956,8.27,79,16,3.6,RU,2023-04-19 02:37:22
369,hong kong,22.2855,114.1577,28.03,87,21,8.05,HK,2023-04-19 02:30:43
370,shagonar,51.5333,92.8,-2.35,57,49,1.85,RU,2023-04-19 02:41:42
371,christchurch,-43.5333,172.6333,18.11,72,100,4.12,NZ,2023-04-19 02:35:20
372,villa gesell,-37.2639,-56.973,10.03,65,76,7.3,AR,2023-04-19 02:41:08
373,prince rupert,54.3161,-130.3201,4.83,92,100,3.6,CA,2023-04-19 02:39:23
374,zgurovka,50.5028,31.7849,7.75,72,100,3.76,UA,2023-04-19 02:41:42
375,saint-pierre,-21.3393,55.4781,24.82,69,75,2.57,RE,2023-04-19 02:35:22
376,neryungri,56.6709,124.6491,-3.94,65,57,1.82,RU,2023-04-19 02:41:42
377,qurayyat,31.3318,37.3428,18.1,48,0,2.06,SA,2023-04-19 02:41:42
378,carolina beach,34.0352,-77.8936,18.34,68,0,2.77,US,2023-04-19 02:41:42
379,peniche,39.3558,-9.3811,14.96,92,100,4.05,PT,2023-04-19 02:41:42
380,salinas,36.6777,-121.6555,13.05,64,0,5.14,US,2023-04-19 02:41:42
381,carauari,-4.8828,-66.8958,25.67,83,100,1.2,BR,2023-04-19 02:41:42
382,voss,60.623,6.4229,5.3,48,60,1.11,NO,2023-04-19 02:41:42
383,campo gallo,-26.5833,-62.85,17.07,79,9,0.7,AR,2023-04-19 02:41:42
384,cannonvale,-20.2833,148.7,25.66,62,1,6.82,AU,2023-04-19 02:41:42
385,micheweni,-4.9667,39.8333,26.23,85,100,7.51,TZ,2023-04-19 02:41:43
386,ambon,-3.6954,128.1814,31.08,70,40,2.06,ID,2023-04-19 02:41:43
387,qarauyl,48.9451,79.255,3.6,48,91,8.29,KZ,2023-04-19 02:41:43
388,portland,45.5234,-122.6762,7.24,88,100,2.68,US,2023-04-19 02:32:38
389,penaflor,-33.6167,-70.9167,16.7,34,8,0.99,CL,2023-04-19 02:41:43
390,usogorsk,63.4106,48.6872,0.96,85,100,1.0,RU,2023-04-19 02:36:52
391,qusmuryn,52.4503,64.6311,5.68,65,53,2.48,KZ,2023-04-19 02:41:16
392,flin flon,54.7682,-101.865,-2.44,83,100,4.91,CA,2023-04-19 02:41:43
393,coquimbo,-29.9533,-71.3436,13.85,82,0,0.0,CL,2023-04-19 02:33:01
394,antsiranana,-12.2787,49.2917,25.14,84,26,5.94,MG,2023-04-19 02:37:30
395,bel ombre,-4.6167,55.4167,26.91,83,20,1.03,SC,2023-04-19 02:41:43
396,wainwright,52.839,-110.8572,5.37,69,91,5.96,CA,2023-04-19 02:41:43
397,siwa oasis,29.2041,25.5195,20.56,54,95,7.01,EG,2023-04-19 02:37:21
398,loen,7.7601,168.2307,27.83,77,96,7.63,MH,2023-04-19 02:41:43
399,matera,40.5,16.4167,9.32,90,89,2.62,IT,2023-04-19 02:41:43
400,kegeyli shahar,42.7767,59.6078,2.05,22,6,6.28,UZ,2023-04-19 02:41:43
401,happy valley-goose bay,53.3168,-60.3315,6.17,61,100,4.12,CA,2023-04-19 02:37:29
402,gobernador virasora,-28.05,-56.0333,13.06,94,0,2.68,AR,2023-04-19 02:41:43
403,kodinsk,58.6881,99.1844,-6.45,57,100,3.64,RU,2023-04-19 02:41:43
404,palmer,42.1584,-72.3287,8.81,55,100,3.09,US,2023-04-19 02:37:26
405,smidovich,48.6,133.8167,10.65,58,97,5.57,RU,2023-04-19 02:41:44
406,ubinskoye,55.3068,79.6802,-5.83,65,8,4.9,RU,2023-04-19 02:41:44
407,tres arroyos,-38.3739,-60.2798,12.99,50,100,6.01,AR,2023-04-19 02:41:44
408,montrose,38.4166,-108.2673,11.67,39,100,4.77,US,2023-04-19 02:41:44
409,constantia,44.1833,28.65,10.39,92,100,4.97,RO,2023-04-19 02:37:09
410,yuzhno-kurilsk,44.0306,145.8556,6.83,64,97,1.5,RU,2023-04-19 02:36:51
411,changde,29.0464,111.6783,24.95,70,95,3.99,CN,2023-04-19 02:41:44
412,baukau,51.5526,7.2042,11.09,74,100,1.34,DE,2023-04-19 02:41:44
413,ulaangom,49.9811,92.0667,1.4,19,1,3.82,MN,2023-04-19 02:41:44
414,bahau,2.8079,102.4049,30.55,70,100,0.41,MY,2023-04-19 02:41:44
415,tejen,37.3834,60.5054,11.27,22,5,4.01,TM,2023-04-19 02:41:44
416,touros,-5.1989,-35.4608,25.76,85,69,2.56,BR,2023-04-19 02:37:03
417,mejit,10.2753,170.8646,26.71,80,99,8.66,MH,2023-04-19 02:41:44
418,warrenton,-28.114,24.8475,12.92,38,0,1.97,ZA,2023-04-19 02:41:44
419,olingan,8.5314,123.3194,28.47,78,11,6.02,PH,2023-04-19 02:41:44
420,regina,50.4501,-104.6178,3.06,68,100,11.32,CA,2023-04-19 02:35:21
421,valparaiso,-33.0393,-71.6273,16.67,53,0,1.03,CL,2023-04-19 02:32:10
422,gurmatkal,16.8667,77.4,32.72,14,0,3.38,IN,2023-04-19 02:41:44
423,bairnsdale,-37.8333,147.6167,17.25,67,69,2.24,AU,2023-04-19 02:41:45
424,prado,-17.3411,-39.2208,25.6,88,42,5.19,BR,2023-04-19 02:37:18
425,staryy dobrotvir,50.2315,24.377,6.35,88,100,2.71,UA,2023-04-19 02:41:45
426,hauterive,46.0901,3.4459,5.42,92,3,1.68,FR,2023-04-19 02:41:45
427,kununurra,-15.7667,128.7333,28.99,39,4,7.2,AU,2023-04-19 02:41:45
428,zadawa,11.4496,10.3672,28.36,22,11,2.34,NG,2023-04-19 02:41:45
429,quellon,-43.1167,-73.6167,12.14,100,100,0.0,CL,2023-04-19 02:36:47
430,noumea,-22.2763,166.4572,28.99,99,38,3.85,NC,2023-04-19 02:30:04
431,zhangatas,43.5667,69.75,4.46,53,0,7.22,KZ,2023-04-19 02:41:17
432,pandan,14.0453,124.1694,28.11,75,9,2.32,PH,2023-04-19 02:41:45
433,robore,-18.3333,-59.75,20.37,91,100,1.23,BO,2023-04-19 02:37:10
434,palmares do sul,-30.2578,-50.5097,16.45,57,5,5.36,BR,2023-04-19 02:41:45
435,topchikha,52.8192,83.1185,-7.75,74,85,4.29,RU,2023-04-19 02:41:45
436,kabwe,-14.4469,28.4464,14.24,98,92,1.95,ZM,2023-04-19 02:41:45
437,kerekegyhaza,46.9372,19.4781,11.97,75,95,3.39,HU,2023-04-19 02:41:46
438,sitka,57.0531,-135.33,8.94,46,0,1.54,US,2023-04-19 02:36:55
439,kuta,-8.7233,115.1723,30.0,74,40,4.02,ID,2023-04-19 02:41:46
440,huarmey,-10.0681,-78.1522,24.82,80,84,4.34,PE,2023-04-19 02:37:01
441,abasolo,20.45,-101.5167,19.6,23,52,2.63,MX,2023-04-19 02:41:46
442,baiti,13.745,-14.7482,29.28,28,99,4.47,SN,2023-04-19 02:41:46
443,lib,8.3122,167.3766,27.71,77,27,7.86,MH,2023-04-19 02:41:46
444,hadibu,12.65,54.0333,27.02,73,1,3.32,YE,2023-04-19 02:37:32
445,port alfred,-33.5906,26.891,19.76,84,34,4.14,ZA,2023-04-19 02:36:54
446,comodoro rivadavia,-45.8667,-67.5,12.92,50,0,2.06,AR,2023-04-19 02:41:46
447,hotan,37.0997,79.9269,17.43,19,73,2.4,CN,2023-04-19 02:41:46
448,taroa,8.7058,171.2275,27.47,79,69,7.98,MH,2023-04-19 02:41:46
449,choyr,46.3611,108.3611,4.15,29,100,12.77,MN,2023-04-19 02:41:46
450,al faw,29.9776,48.4741,21.0,33,100,4.27,IQ,2023-04-19 02:41:46
451,naze,28.3667,129.4833,21.51,73,100,2.68,JP,2023-04-19 02:41:46
452,tadine,-21.55,167.8833,26.92,75,57,4.67,NC,2023-04-19 02:41:46
453,hirara,24.8,125.2833,26.92,89,75,9.26,JP,2023-04-19 02:41:46
454,miranda,3.2499,-76.2281,22.07,90,100,1.84,CO,2023-04-19 02:41:46
455,lompoc,34.6391,-120.4579,13.08,70,40,9.77,US,2023-04-19 02:37:22
456,adria,45.0564,12.0578,13.36,74,100,1.74,IT,2023-04-19 02:41:46
457,kapuskasing,49.4169,-82.4331,-5.95,86,100,6.17,CA,2023-04-19 02:37:01
458,axim,4.8699,-2.2405,26.59,86,100,1.81,GH,2023-04-19 02:41:47
459,parnamirim,-5.9156,-35.2628,25.94,89,20,0.0,BR,2023-04-19 02:41:47
460,ormara,25.2088,64.6357,26.84,55,88,1.85,PK,2023-04-19 02:41:47
461,baie-comeau,49.2168,-68.1489,1.82,100,100,3.09,CA,2023-04-19 02:39:06
462,esme,38.3998,28.969,6.44,92,2,0.75,TR,2023-04-19 02:41:47
463,kangding,30.0513,101.9603,16.22,60,44,1.99,CN,2023-04-19 02:41:47
464,montlucon,46.3333,2.6,4.28,96,4,2.03,FR,2023-04-19 02:41:47
465,luderitz,-26.6481,15.1594,18.6,54,3,0.44,NA,2023-04-19 02:37:30
466,santa isabel,-23.3156,-46.2214,20.61,99,100,2.28,BR,2023-04-19 02:35:41
467,gorontalo,0.5412,123.0595,31.85,60,64,1.64,ID,2023-04-19 02:41:47
468,aktau,43.65,51.2,8.32,40,99,11.75,KZ,2023-04-19 02:41:47
469,woolgoolga,-30.1106,153.2007,23.93,55,80,3.92,AU,2023-04-19 02:41:47
470,haimen,23.1935,116.6142,27.94,74,85,8.46,CN,2023-04-19 02:41:47
471,chimore,-16.9833,-65.1333,20.93,99,100,1.73,BO,2023-04-19 02:41:47
472,martakert,40.2104,46.821,9.45,81,9,0.28,AZ,2023-04-19 02:41:47
473,hasaki,35.7333,140.8333,24.01,67,54,4.12,JP,2023-04-19 02:37:08
474,akcakale,36.7111,38.9475,15.52,68,71,2.98,TR,2023-04-19 02:41:47
475,lautoka,-17.6167,177.4667,29.92,74,40,6.17,FJ,2023-04-19 02:41:47
476,sechura,-5.5569,-80.8222,27.16,68,47,5.49,PE,2023-04-19 02:41:47
477,gazojak,41.1875,61.4036,9.0,21,5,6.52,TM,2023-04-19 02:41:47
478,karasuk,53.7377,78.0403,-4.12,33,0,3.45,RU,2023-04-19 02:41:48
479,porto novo,6.4965,2.6036,28.9,87,100,1.64,BJ,2023-04-19 02:38:21
480,severo-yeniseyskiy,60.3725,93.0408,-11.27,88,100,3.83,RU,2023-04-19 02:37:25
481,chadan,51.2833,91.5833,-0.93,33,41,4.38,RU,2023-04-19 02:41:48
482,verkhniy baskunchak,48.2256,46.7217,8.36,43,100,5.99,RU,2023-04-19 02:41:48
483,walvis bay,-22.9575,14.5053,17.62,80,100,4.8,NA,2023-04-19 02:41:48
484,magway,20.15,94.9167,34.89,35,0,2.56,MM,2023-04-19 02:41:48
485,cestos city,5.46,-9.5828,26.48,85,95,1.92,LR,2023-04-19 02:36:53
486,malango,-2.9627,119.9001,28.59,60,78,1.57,ID,2023-04-19 02:37:32
487,aktanysh,55.7216,54.0829,7.59,66,99,2.78,RU,2023-04-19 02:41:48
488,khorramabad,33.4878,48.3558,6.79,87,0,1.03,IR,2023-04-19 02:41:48
489,liman,48.9884,37.8023,8.37,65,100,5.09,UA,2023-04-19 02:41:48
490,pyapon,16.2833,95.6833,33.22,49,9,3.56,MM,2023-04-19 02:41:48
491,taltal,-25.4,-70.4833,18.5,74,0,2.01,CL,2023-04-19 02:37:18
492,kolonia town,6.964,158.206,29.06,74,100,5.14,FM,2023-04-19 02:41:48
493,lepsy,46.235,78.9456,3.95,28,2,0.87,KZ,2023-04-19 02:41:48
494,al hufuf,25.3646,49.5653,21.19,43,0,0.0,SA,2023-04-19 02:41:48
495,watampone,-4.5386,120.3279,29.92,71,89,2.29,ID,2023-04-19 02:41:48
496,rio grande,-32.035,-52.0986,13.72,53,33,6.19,BR,2023-04-19 02:37:18
497,jumla,29.2747,82.1838,17.97,38,0,0.98,NP,2023-04-19 02:41:48
498,feijo,-8.1642,-70.3536,23.6,92,99,0.98,BR,2023-04-19 02:41:49
499,midvagur,62.0511,-7.1939,7.46,93,25,4.63,FO,2023-04-19 02:41:49
500,kenai,60.5544,-151.2583,5.05,60,0,3.6,US,2023-04-19 02:36:44
501,luga,58.7372,29.8453,0.51,97,19,3.33,RU,2023-04-19 02:41:49
502,basco,20.4487,121.9702,26.95,86,6,5.77,PH,2023-04-19 02:41:49
503,xifeng,42.7372,124.7222,23.28,13,71,10.11,CN,2023-04-19 02:41:49
504,mournies,35.4764,24.0092,14.35,87,40,4.12,GR,2023-04-19 02:41:49
505,citrus springs,28.9975,-82.4707,19.97,79,0,0.0,US,2023-04-19 02:41:49
506,waingapu,-9.6567,120.2641,28.54,72,41,6.33,ID,2023-04-19 02:41:49
507,navirai,-23.065,-54.1906,17.6,92,100,2.25,BR,2023-04-19 02:41:49
508,saint-philippe,-21.3585,55.7679,23.77,81,24,5.56,RE,2023-04-19 02:41:49
509,mocimboa,-11.3167,40.35,21.58,98,64,2.37,MZ,2023-04-19 02:41:49
510,maun,-19.9833,23.4167,15.98,55,0,3.09,BW,2023-04-19 02:41:49
511,kayangel,8.0823,134.7173,28.35,76,68,4.46,PW,2023-04-19 02:36:58
512,tome,-36.6167,-72.95,11.34,88,100,2.76,CL,2023-04-19 02:41:49
513,togur,58.3631,82.8265,-9.4,86,100,3.98,RU,2023-04-19 02:41:49
514,ad darb,17.7229,42.2526,27.98,71,0,0.93,SA,2023-04-19 02:41:49
515,mandera,3.9366,41.867,26.37,72,30,1.81,KE,2023-04-19 02:37:02
516,bubaque,11.2833,-15.8333,25.27,73,43,6.11,GW,2023-04-19 02:41:49
517,acapulco de juarez,16.8634,-99.8901,27.9,78,0,3.6,MX,2023-04-19 02:34:40
518,sisimiut,66.9395,-53.6735,-7.57,88,100,3.17,GL,2023-04-19 02:36:47
519,tabas,33.5959,56.9244,17.12,25,0,2.06,IR,2023-04-19 02:41:49
520,norilsk,69.3535,88.2027,-19.21,88,10,1.7,RU,2023-04-19 02:41:50
521,ulsteinvik,62.3432,5.8487,7.95,77,100,0.89,NO,2023-04-19 02:37:14
522,mogadishu,2.0371,45.3438,28.24,70,65,2.47,SO,2023-04-19 02:41:50
523,ermoupolis,37.4423,24.9425,14.5,73,0,3.09,GR,2023-04-19 02:41:50
524,agbabu,6.5886,4.8343,25.61,94,99,1.46,NG,2023-04-19 02:41:50
525,akjoujt,19.6969,-14.4164,22.65,40,54,5.38,MR,2023-04-19 02:41:50
526,banda aceh,5.5577,95.3222,28.71,74,68,6.63,ID,2023-04-19 02:41:50
527,tselinnoye,53.0833,85.6667,-8.18,83,99,2.13,RU,2023-04-19 02:36:57
528,brookings,44.3114,-96.7984,12.19,43,0,5.66,US,2023-04-19 02:41:50
529,khanty-mansiysk,61.0042,69.0019,-8.94,62,0,2.0,RU,2023-04-19 02:41:50
530,keflavik,64.0049,-22.5624,9.95,100,100,4.12,IS,2023-04-19 02:37:26
531,margate,51.3813,1.3862,10.5,82,84,2.24,GB,2023-04-19 02:36:50
532,barcelos,41.5388,-8.6151,16.06,60,100,1.63,PT,2023-04-19 02:41:26
533,lazaro cardenas,17.9583,-102.2,24.22,83,29,2.37,MX,2023-04-19 02:41:50
534,magalia,39.8121,-121.5783,11.75,78,90,2.1,US,2023-04-19 02:38:47
535,birendranagar,28.6019,81.6339,31.84,18,0,1.2,NP,2023-04-19 02:41:50
536,argo,37.6333,22.7333,10.99,77,79,2.07,GR,2023-04-19 02:41:50
537,sorong,-0.8833,131.25,28.1,74,14,3.2,ID,2023-04-19 02:41:50
538,nha trang,12.25,109.1833,31.0,54,48,3.93,VN,2023-04-19 02:36:51
539,alpine,32.835,-116.7664,12.2,80,4,2.68,US,2023-04-19 02:41:50
540,recani,31.2846,-4.2688,20.98,22,39,1.42,MA,2023-04-19 02:41:50
541,riscani,47.9572,27.5539,7.29,95,100,2.99,MD,2023-04-19 02:41:51
542,okha,53.5739,142.9478,3.33,81,99,1.6,RU,2023-04-19 02:41:51
543,jiuquan,39.7432,98.5174,9.48,11,100,7.58,CN,2023-04-19 02:41:51
544,mizdah,31.4451,12.9801,11.8,61,0,2.76,LY,2023-04-19 02:41:51
545,sao gabriel da cachoeira,-0.1303,-67.0892,23.67,94,96,1.03,BR,2023-04-19 02:41:51
546,pervomayskoye,43.919,46.7102,9.61,69,100,8.49,RU,2023-04-19 02:41:51
547,berdigestyakh,62.0989,126.6992,-1.98,92,100,2.81,RU,2023-04-19 02:33:11
548,chos malal,-37.3781,-70.2709,10.03,57,93,4.15,AR,2023-04-19 02:41:51
549,hayden,47.766,-116.7866,7.02,39,40,6.69,US,2023-04-19 02:41:51
550,sahibganj,25.25,87.65,36.44,13,0,2.96,IN,2023-04-19 02:41:51
551,myeik,12.4333,98.6,29.71,70,50,4.59,MM,2023-04-19 02:41:51
552,aldan,58.6031,125.3894,-3.63,67,100,2.65,RU,2023-04-19 02:41:51
553,mont-laurier,46.5501,-75.4993,2.79,97,96,3.51,CA,2023-04-19 02:38:53
554,qamdo,31.1667,97.2333,7.16,34,2,1.93,CN,2023-04-19 02:41:51
555,labuan,5.2767,115.2417,31.2,74,20,1.03,MY,2023-04-19 02:41:51
556,abepura,-2.6333,140.5833,31.45,58,20,2.06,ID,2023-04-19 02:37:20
557,orumiyeh,37.5527,45.0761,7.75,71,0,3.09,IR,2023-04-19 02:41:51
558,pinheiro,-2.5214,-45.0825,23.14,98,100,0.96,BR,2023-04-19 02:41:51
559,saiha,22.4833,92.9667,33.29,28,0,1.45,IN,2023-04-19 02:41:51
560,orda,57.1951,56.9091,1.93,71,58,5.38,RU,2023-04-19 02:41:51
561,dilling,12.05,29.65,25.29,10,78,4.25,SD,2023-04-19 02:41:52
562,vernon,50.2581,-119.2691,6.63,61,100,3.09,CA,2023-04-19 02:38:42
563,changchun,43.88,125.3228,18.98,16,100,8.77,CN,2023-04-19 02:41:52
564,taoudenni,22.6783,-3.9836,28.65,19,18,2.75,ML,2023-04-19 02:36:53
565,byford,-32.2167,116.0,20.75,54,0,6.69,AU,2023-04-19 02:41:52
566,conduaga,8.862,117.4893,31.17,62,91,1.97,PH,2023-04-19 02:41:52
567,freetown,8.484,-13.2299,26.84,83,20,4.12,SL,2023-04-19 02:41:52
